FirstName,LastName,Email,MobileNumber,Password
Cbbori,Uxfrrz,cbbori0@mail.com,8607154631,Password1!
Erolih,Grslst,erolih1@testmail.com,6988383506,Password2!
Ktycog,Emuyjc,ktycog2@example.com,6926833747,Password3!
Ozdtaw,Bvbsmn,ozdtaw3@mail.com,8057975833,Password4!
Ufsuoy,Ulohuq,ufsuoy4@testmail.com,7228984313,Password5!
Bpsqvg,Fgkoby,bpsqvg5@testmail.com,9101466954,Password6!
Sfxipj,Hzmmfd,sfxipj6@mail.com,8731089830,Password7!
Wkqztp,Qsyjud,wkqztp7@testmail.com,9067707973,Password8!
Mybifc,Jmwwuu,mybifc8@mail.com,8877609834,Password9!
Zxplvn,Fuuixy,zxplvn9@testmail.com,9283350678,Password10!
Esqwvl,Ytfrfb,esqwvl10@mail.com,6845419647,Password11!
Cyekbj,Cophpk,cyekbj11@testmail.com,6678354235,Password12!
Zveroi,Zktfte,zveroi12@mail.com,8004251169,Password13!
Unvblv,Dyhubb,unvblv13@testmail.com,8856689155,Password14!
Mkpfhq,Ucyxkn,mkpfhq14@testmail.com,7966883081,Password15!
Zrnczn,Zwpizg,zrnczn15@mail.com,9750355632,Password16!
Vgomop,Euinur,vgomop16@testmail.com,8139569293,Password17!
Cxuymk,Uirnsh,cxuymk17@mail.com,9366759284,Password18!
Agfvzk,Fgyluq,agfvzk18@mail.com,7432166089,Password19!
Hruzwj,Cfbgko,hruzwj19@example.com,9280325381,Password20!
Hyxkri,Cwkimw,hyxkri20@example.com,7206350562,Password21!
Bkbqbw,Yynmqu,bkbqbw21@testmail.com,9918246328,Password22!
Banlut,Srujbv,banlut22@testmail.com,9722452981,Password23!
Fkaqub,Oxdwyw,fkaqub23@example.com,9546699823,Password24!
Ubxipq,Spoeob,ubxipq24@mail.com,7543702332,Password25!
Xslwex,Cwemgk,xslwex25@testmail.com,8192451372,Password26!
Lyubak,Xxtbtc,lyubak26@testmail.com,6348532878,Password27!
Wnplmq,Srqxnv,wnplmq27@mail.com,6124822230,Password28!
Woqevr,Fwjely,woqevr28@mail.com,8200425245,Password29!
Mnouyy,Qqizgq,mnouyy29@example.com,6636964936,Password30!
Cousnz,Ihzipo,cousnz30@testmail.com,7067068154,Password31!
Mbswmu,Ulgirj,mbswmu31@example.com,8160056482,Password32!
Asezvx,Yyivag,asezvx32@testmail.com,7329695289,Password33!
Emfmib,Gamkeb,emfmib33@testmail.com,8142314257,Password34!
Akggfn,Sbjvdb,akggfn34@testmail.com,6933429915,Password35!
Zvppvm,Fppmvo,zvppvm35@testmail.com,9787626148,Password36!
Moonrm,Ldbhpn,moonrm36@testmail.com,7464185631,Password37!
Umhuqp,Iyvvkq,umhuqp37@example.com,8689156144,Password38!
Eujlip,Gbvbca,eujlip38@testmail.com,9290862538,Password39!
Vlwwwv,Edelqh,vlwwwv39@example.com,6323809581,Password40!
Gqaqvf,Nkrwkb,gqaqvf40@testmail.com,8142638051,Password41!
Ftqlhc,Lzbkan,ftqlhc41@example.com,6080230161,Password42!
Jgvlng,Ecdaqx,jgvlng42@testmail.com,7837143875,Password43!
Igblhx,Dtjkqj,igblhx43@mail.com,6657853855,Password44!
Orgzok,Yjmgbs,orgzok44@example.com,9659614537,Password45!
Itavle,Etloya,itavle45@example.com,8075871190,Password46!
Larhnj,Gcfsfz,larhnj46@mail.com,8913425980,Password47!
Gqspmk,Smyycz,gqspmk47@testmail.com,9712144859,Password48!
Esxwah,Acgcdy,esxwah48@testmail.com,6447623455,Password49!
Bdcovx,Slbdlk,bdcovx49@example.com,6852146569,Password50!
Mvmnnz,Dlkpgh,mvmnnz50@example.com,7091224233,Password51!
Qgsylt,Plvmvw,qgsylt51@mail.com,8136931051,Password52!
Mlgmox,Cgcfuv,mlgmox52@example.com,8967732517,Password53!
Ughrci,Ctirpz,ughrci53@mail.com,9124821797,Password54!
Ewnnjg,Pflbcm,ewnnjg54@mail.com,9872689176,Password55!
Fkcxxd,Rfaihc,fkcxxd55@testmail.com,7209309418,Password56!
Cuajyo,Klcexq,cuajyo56@mail.com,7566560459,Password57!
Jinejq,Newtcv,jinejq57@testmail.com,9857262527,Password58!
Vojpym,Lfcdsg,vojpym58@testmail.com,6495916048,Password59!
Fizhjc,Zmlfyf,fizhjc59@example.com,7576345392,Password60!
Pwxejq,Yzqrez,pwxejq60@mail.com,7225975762,Password61!
Tasngz,Weuwzy,tasngz61@mail.com,9093315051,Password62!
Salxju,Cuniol,salxju62@mail.com,7520908316,Password63!
Hxdbem,Hnyhmr,hxdbem63@mail.com,8865015040,Password64!
Vdeibl,Scssrm,vdeibl64@example.com,8854126711,Password65!
Ozbpnw,Sggxfg,ozbpnw65@mail.com,9537697856,Password66!
Hgltkg,Oeklxe,hgltkg66@mail.com,8057851657,Password67!
Rkgkwb,Yvexbu,rkgkwb67@example.com,7061654462,Password68!
Krlxgm,Uefaxp,krlxgm68@example.com,9035077879,Password69!
Gplxfa,Aucizl,gplxfa69@mail.com,6189461470,Password70!
Rconkm,Ptdujb,rconkm70@example.com,6892807012,Password71!
Brygxk,Johoje,brygxk71@testmail.com,7158926645,Password72!
Djisoo,Gninqi,djisoo72@example.com,6257138363,Password73!
Xsuyla,Znqify,xsuyla73@testmail.com,8267317829,Password74!
Yyfyrg,Yynxsh,yyfyrg74@example.com,6137614959,Password75!
Bsrnkg,Krtksl,bsrnkg75@example.com,9347502836,Password76!
Idnhzt,Xudpzx,idnhzt76@testmail.com,7911813807,Password77!
Mfxnku,Qkkztt,mfxnku77@example.com,8690527932,Password78!
Bkpnwm,Zketnl,bkpnwm78@mail.com,6322212519,Password79!
Sxqtmk,Hafuxz,sxqtmk79@testmail.com,9284579334,Password80!
Mpneen,Vrzmav,mpneen80@mail.com,8323704374,Password81!
Otrpzw,Ssshzc,otrpzw81@testmail.com,7230551740,Password82!
Rfrrhc,Kmcryj,rfrrhc82@example.com,6788851337,Password83!
Jilzgv,Eoflnl,jilzgv83@mail.com,8531544299,Password84!
Jfovae,Jujvml,jfovae84@mail.com,8234101112,Password85!
Fmnqim,Dvwjer,fmnqim85@testmail.com,7871663456,Password86!
Hqedfn,Bzdsgu,hqedfn86@mail.com,7021225920,Password87!
Qxoeit,Wgkwbi,qxoeit87@testmail.com,6934338727,Password88!
Osalqm,Yqhgex,osalqm88@testmail.com,8516982337,Password89!
Okhnlj,Sycuiv,okhnlj89@mail.com,7796774061,Password90!
Jhlsuy,Brqdil,jhlsuy90@testmail.com,7913707393,Password91!
Hfqyhq,Rrbekc,hfqyhq91@mail.com,6262167890,Password92!
Bxrnjc,Rnmqmt,bxrnjc92@testmail.com,7643444203,Password93!
Snohpa,Qyfarv,snohpa93@mail.com,7126080157,Password94!
Ushbsp,Zmsoib,ushbsp94@mail.com,6600077496,Password95!
Zeijby,Pgmlra,zeijby95@example.com,7619252312,Password96!
Ktbacg,Ceibav,ktbacg96@mail.com,9173139200,Password97!
Sybkpb,Ukwtfl,sybkpb97@example.com,6604678710,Password98!
Jzouel,Nsujin,jzouel98@testmail.com,7418303087,Password99!
Mlzucf,Taldmk,mlzucf99@testmail.com,7971383974,Password100!
Sopnmm,Zexbnb,sopnmm100@mail.com,7346827367,Password101!
Xfgego,Obzdkw,xfgego101@testmail.com,9124137525,Password102!
Yclfig,Jufrws,yclfig102@example.com,6016003920,Password103!
Cvyfnc,Nryggj,cvyfnc103@testmail.com,8939596388,Password104!
Pfcmwr,Wtblyt,pfcmwr104@mail.com,9752087235,Password105!
Yhzsjo,Gyheuq,yhzsjo105@testmail.com,7921607687,Password106!
Tkipub,Eqklkz,tkipub106@mail.com,6921615512,Password107!
Gqxphx,Jdnatn,gqxphx107@mail.com,6049130555,Password108!
Vfjucg,Hfqcbr,vfjucg108@mail.com,9761356144,Password109!
Fxdnnx,Qzecvm,fxdnnx109@example.com,6049043578,Password110!
Bqowry,Evvtiw,bqowry110@example.com,8395280552,Password111!
Okmuio,Setadn,okmuio111@testmail.com,9071387983,Password112!
Oyhsta,Qlfclv,oyhsta112@example.com,8772727478,Password113!
Ezpeey,Kjxdmf,ezpeey113@mail.com,9385954728,Password114!
Gwgsxf,Pidbka,gwgsxf114@testmail.com,9680662845,Password115!
Uzwmpm,Vwrhdi,uzwmpm115@testmail.com,6993542352,Password116!
Lphobr,Moteoa,lphobr116@testmail.com,8953086312,Password117!
Hoitju,Wepier,hoitju117@example.com,8667438857,Password118!
Odnufa,Hwsubz,odnufa118@testmail.com,6244938602,Password119!
Qnwmgy,Jhsrus,qnwmgy119@mail.com,8833231997,Password120!
Jwbhvz,Pikpkj,jwbhvz120@mail.com,8760718576,Password121!
Ehaxby,Vubddz,ehaxby121@testmail.com,9355389360,Password122!
Eqokei,Disicb,eqokei122@example.com,8888841834,Password123!
Haftaj,Ueuxwt,haftaj123@testmail.com,7892120904,Password124!
Dwmrsf,Wxxuab,dwmrsf124@example.com,8154037551,Password125!
Bmzemh,Bkudol,bmzemh125@mail.com,9102414226,Password126!
Mbmpya,Wjivtx,mbmpya126@example.com,7953490579,Password127!
Cyhdal,Dqhepo,cyhdal127@testmail.com,7215099989,Password128!
Fpspzn,Prrwjk,fpspzn128@mail.com,9234848764,Password129!
Fwptuw,Dfrjsz,fwptuw129@example.com,9847083837,Password130!
Prdydc,Uimclt,prdydc130@mail.com,9259541382,Password131!
Jlncpc,Qxzcng,jlncpc131@mail.com,6812736856,Password132!
Ufegkk,Ukaala,ufegkk132@example.com,6209580131,Password133!
Zkdvqs,Srokvm,zkdvqs133@testmail.com,6455411950,Password134!
Yptkfg,Amydaq,yptkfg134@example.com,9615810104,Password135!
Mdqney,Zdvuwm,mdqney135@example.com,8469797371,Password136!
Dkrrkl,Ybkcsn,dkrrkl136@mail.com,9077342236,Password137!
Gkxnlw,Ibzium,gkxnlw137@testmail.com,6900912127,Password138!
Qynnjk,Gklaoy,qynnjk138@example.com,9622721244,Password139!
Ffksce,Eoirkl,ffksce139@mail.com,8164579052,Password140!
Njwxeo,Qtdyjy,njwxeo140@example.com,7650063166,Password141!
Lkwgdg,Lkyjvl,lkwgdg141@mail.com,8148819916,Password142!
Quwugt,Besxyk,quwugt142@mail.com,6934950892,Password143!
Mfwkhb,Jslmus,mfwkhb143@mail.com,9910081166,Password144!
Dpoqgx,Wewowo,dpoqgx144@testmail.com,6337567325,Password145!
Uvycyg,Jiqrfm,uvycyg145@mail.com,6963845217,Password146!
Hlhezs,Lnzdyy,hlhezs146@mail.com,8107817247,Password147!
Qnmltt,Nshloj,qnmltt147@testmail.com,9805779230,Password148!
Khnqeu,Szojhl,khnqeu148@example.com,7381481849,Password149!
Hwriwi,Uygeii,hwriwi149@mail.com,6720131341,Password150!
Nyvlyt,Wbyvqo,nyvlyt150@mail.com,6717859774,Password151!
Smaagr,Dqqjlc,smaagr151@mail.com,8560278999,Password152!
Jdudvv,Cxrrrt,jdudvv152@example.com,8852121089,Password153!
Gkdopw,Vjvvyl,gkdopw153@example.com,6215181653,Password154!
Hkresr,Lhesok,hkresr154@example.com,7454844517,Password155!
Zcmsyp,Nserqh,zcmsyp155@testmail.com,9841203331,Password156!
Ebwkbx,Myecmn,ebwkbx156@mail.com,6849704200,Password157!
Qkkhfu,Mavduc,qkkhfu157@testmail.com,7849523300,Password158!
Vvvjxp,Nzmzjb,vvvjxp158@example.com,6571558188,Password159!
Zcyrgb,Pqyvjo,zcyrgb159@mail.com,9543866529,Password160!
Lpppio,Veiphe,lpppio160@example.com,8349860903,Password161!
Rrfywz,Wpajoh,rrfywz161@example.com,9839135424,Password162!
Ijjsqg,Dsxybb,ijjsqg162@example.com,8010841214,Password163!
Mxhket,Knetmt,mxhket163@testmail.com,8524807798,Password164!
Pnecmy,Ierjns,pnecmy164@testmail.com,8422593218,Password165!
Mxnrzm,Wlrrhs,mxnrzm165@mail.com,7093823357,Password166!
Blrciu,Pqwjjl,blrciu166@example.com,6722590217,Password167!
Hjxnpc,Ozhfeu,hjxnpc167@testmail.com,8986160465,Password168!
Obmsnc,Prsxza,obmsnc168@mail.com,7783552122,Password169!
Gsmorp,Rcyhpv,gsmorp169@example.com,9991980474,Password170!
Msuwrr,Btunbr,msuwrr170@mail.com,8302298299,Password171!
Hcnxsp,Izxjot,hcnxsp171@example.com,6826556805,Password172!
Aajgmg,Vtiyem,aajgmg172@example.com,8025576021,Password173!
Tjbyta,Yptzgu,tjbyta173@mail.com,7407943692,Password174!
Qkfqqq,Nfzrgi,qkfqqq174@example.com,7779202925,Password175!
Vtskeo,Ryofbj,vtskeo175@testmail.com,8541470015,Password176!
Qyfalm,Ctkkwf,qyfalm176@testmail.com,7220215724,Password177!
Rqzxcn,Yayakb,rqzxcn177@mail.com,6201449340,Password178!
Nibxvo,Xuxnfr,nibxvo178@testmail.com,8393063448,Password179!
Ohvvoj,Nfnpyv,ohvvoj179@mail.com,7519068231,Password180!
Igtzub,Cjsjaz,igtzub180@testmail.com,8252618073,Password181!
Pwqkyh,Vgzcgl,pwqkyh181@mail.com,9489902239,Password182!
Hahlce,Bbabpo,hahlce182@mail.com,7804513741,Password183!
Hfsbkt,Cvhjgi,hfsbkt183@mail.com,8283672725,Password184!
Hczesg,Pqkofe,hczesg184@example.com,8162174139,Password185!
Klmgjd,Hslxef,klmgjd185@testmail.com,8285683513,Password186!
Rbnqss,Aedhaz,rbnqss186@mail.com,6804175583,Password187!
Vejzpd,Nxsusk,vejzpd187@example.com,7807600164,Password188!
Stbiuk,Pjsuxm,stbiuk188@example.com,9519321380,Password189!
Sfmdfc,Rxitrh,sfmdfc189@example.com,9391188450,Password190!
Bxqsvl,Hyqmiw,bxqsvl190@mail.com,8306383035,Password191!
Rtsqdu,Nxpcwy,rtsqdu191@mail.com,7033372970,Password192!
Uhssdh,Zouooe,uhssdh192@example.com,6410892693,Password193!
Diykxc,Tdhsaw,diykxc193@testmail.com,9511716410,Password194!
Syfgkz,Kuxwpb,syfgkz194@testmail.com,9701314036,Password195!
Iaziln,Fxlfcx,iaziln195@testmail.com,8508006335,Password196!
Pojrnd,Yvtgan,pojrnd196@mail.com,9165564254,Password197!
Ikibpx,Qhjsfw,ikibpx197@example.com,7385665077,Password198!
Qcmdcg,Whqtfc,qcmdcg198@testmail.com,6522778215,Password199!
Lpzwlo,Lwkbsj,lpzwlo199@example.com,9227467274,Password200!
Roydiw,Ppsxwd,roydiw200@testmail.com,9757195590,Password201!
Hksvuh,Wymxjh,hksvuh201@example.com,7946012092,Password202!
Ttjnfa,Oddefa,ttjnfa202@mail.com,9137717670,Password203!
Byjuiu,Cdfjvc,byjuiu203@example.com,6948838023,Password204!
Eouead,Npdnht,eouead204@mail.com,7979276429,Password205!
Yvmdzg,Gvnwzn,yvmdzg205@mail.com,8190555957,Password206!
Wdzerb,Zzqbca,wdzerb206@example.com,7126366669,Password207!
Cxmevg,Fldipm,cxmevg207@testmail.com,6302641658,Password208!
Ldvwmn,Zviark,ldvwmn208@testmail.com,9662901345,Password209!
Knwnbx,Mpmdwe,knwnbx209@testmail.com,7199969344,Password210!
Bbmbhu,Yykpuo,bbmbhu210@testmail.com,8104966605,Password211!
Oyzxuj,Vokfzo,oyzxuj211@mail.com,9061490868,Password212!
Eyenqw,Qviuqb,eyenqw212@example.com,8249120641,Password213!
Tqplsi,Nwapdk,tqplsi213@example.com,7208667080,Password214!
Mtzhpy,Swjmpb,mtzhpy214@example.com,9147245956,Password215!
Mhvisf,Jylwsy,mhvisf215@mail.com,7889954855,Password216!
Fzedmo,Hixbsl,fzedmo216@example.com,7770235197,Password217!
Eciusx,Bcorzw,eciusx217@testmail.com,6303074985,Password218!
Ebggnq,Gkfdis,ebggnq218@example.com,8347358456,Password219!
Aaqadn,Lpoboy,aaqadn219@mail.com,6323341273,Password220!
Zyrqql,Wfslpb,zyrqql220@testmail.com,6545516999,Password221!
Lflfjw,Attson,lflfjw221@mail.com,6697992185,Password222!
Mgkhum,Obnsnq,mgkhum222@testmail.com,7149614122,Password223!
Nrczal,Vndspx,nrczal223@testmail.com,9012537531,Password224!
Kuponp,Qbrqle,kuponp224@example.com,9753195464,Password225!
Xuercn,Yezlww,xuercn225@mail.com,7061724307,Password226!
Fnxkrw,Vkdevq,fnxkrw226@example.com,8310956044,Password227!
Mdwqtt,Esvssj,mdwqtt227@mail.com,8367029171,Password228!
Hcrmrw,Edhzdc,hcrmrw228@example.com,6376074208,Password229!
Lptztl,Xiahie,lptztl229@testmail.com,6891962254,Password230!
Ltvutp,Rmgooh,ltvutp230@example.com,6679267727,Password231!
Zwcmmq,Sfsddl,zwcmmq231@example.com,8123531645,Password232!
Etorff,Ieqhwv,etorff232@testmail.com,7650577093,Password233!
Cmgrhq,Keydta,cmgrhq233@testmail.com,7251285817,Password234!
Dwzheg,Mnavln,dwzheg234@mail.com,9234077811,Password235!
Yeynqs,Ymqtee,yeynqs235@example.com,9310989947,Password236!
Htzfka,Bsfesr,htzfka236@example.com,9866955315,Password237!
Eqzhuj,Ichdod,eqzhuj237@testmail.com,7017421663,Password238!
Bcbbxk,Jvylkm,bcbbxk238@example.com,8636619656,Password239!
Ygbcxw,Sbbbdo,ygbcxw239@testmail.com,8907726473,Password240!
Ggcczk,Zlokhi,ggcczk240@mail.com,8652716577,Password241!
Bniyah,Rkcpiw,bniyah241@testmail.com,8305051879,Password242!
Rwjkwp,Lmmuym,rwjkwp242@mail.com,7845896393,Password243!
Jfifhi,Wsopnl,jfifhi243@testmail.com,9788635722,Password244!
Uqlxdn,Fgdtzx,uqlxdn244@mail.com,9393284061,Password245!
Hupcve,Bgdftm,hupcve245@example.com,6756714573,Password246!
Xmblfq,Wfwoso,xmblfq246@mail.com,8240199908,Password247!
Pbrhbt,Ilxiiw,pbrhbt247@testmail.com,6820586739,Password248!
Ylegmi,Fyvelc,ylegmi248@testmail.com,9934511415,Password249!
Ktrrdc,Rcadho,ktrrdc249@example.com,9337447289,Password250!
Nienrk,Rbwpak,nienrk250@testmail.com,7959953010,Password251!
Zvsixy,Zutzbd,zvsixy251@testmail.com,6936463921,Password252!
Mjksyj,Swwztf,mjksyj252@mail.com,9341825792,Password253!
Zwbori,Tslpry,zwbori253@mail.com,7733577856,Password254!
Atjoir,Zhmmbk,atjoir254@example.com,9772596648,Password255!
Fnrmsc,Avmcsj,fnrmsc255@mail.com,6595899436,Password256!
Ewxqha,Nwtpyf,ewxqha256@testmail.com,7451745140,Password257!
Vezeig,Fywmnz,vezeig257@example.com,9355173616,Password258!
Wownhm,Vvnvki,wownhm258@mail.com,6139684241,Password259!
Hqitmh,Swnyld,hqitmh259@example.com,7197563055,Password260!
Jprtnw,Oooufv,jprtnw260@example.com,9804980461,Password261!
Ukgzdp,Txfitx,ukgzdp261@example.com,7609961422,Password262!
Hafdyv,Rpexqi,hafdyv262@mail.com,7741479527,Password263!
Mksziy,Kbkjqd,mksziy263@example.com,7118542897,Password264!
Sbefcv,Uwvder,sbefcv264@example.com,9932698776,Password265!
Oxknkh,Kszsnv,oxknkh265@example.com,8449389359,Password266!
Pfywyr,Coqcxw,pfywyr266@example.com,9759542052,Password267!
Sllgqc,Otmtub,sllgqc267@mail.com,6009684078,Password268!
Euahgo,Xlasoc,euahgo268@mail.com,8620873615,Password269!
Uiuxqc,Zsqyhl,uiuxqc269@mail.com,7303207875,Password270!
Vmvlxj,Zynbwx,vmvlxj270@example.com,6646151478,Password271!
Tfkriu,Royqdy,tfkriu271@example.com,7846484272,Password272!
Nmdlnx,Uoiizz,nmdlnx272@mail.com,7838976156,Password273!
Tleamb,Eqkzjw,tleamb273@testmail.com,8163064194,Password274!
Zfzjyz,Gpnvrp,zfzjyz274@testmail.com,8789917072,Password275!
Vzhifw,Zvrtwb,vzhifw275@mail.com,7821282859,Password276!
Merlue,Atvcxn,merlue276@testmail.com,6613089423,Password277!
Nvsepf,Ngdhjg,nvsepf277@testmail.com,6163461532,Password278!
Nxkmve,Aiyaub,nxkmve278@mail.com,6470713304,Password279!
Ljmmgn,Sgjixi,ljmmgn279@testmail.com,6433327829,Password280!
Fuloxw,Wbeura,fuloxw280@mail.com,8582686151,Password281!
Rnsscl,Yykntr,rnsscl281@testmail.com,8859539622,Password282!
Qgytig,Zyidmp,qgytig282@testmail.com,9667551465,Password283!
Tlrmtx,Zebqhu,tlrmtx283@testmail.com,8353164252,Password284!
Vxvbva,Zzxdwt,vxvbva284@mail.com,9772721948,Password285!
Eqjgjt,Nogdrs,eqjgjt285@testmail.com,8996248497,Password286!
Iqnifp,Supmtw,iqnifp286@mail.com,9084069984,Password287!
Sosner,Crxyyd,sosner287@testmail.com,6286736252,Password288!
Lrusrm,Ajssyf,lrusrm288@mail.com,7795328618,Password289!
Yznjkc,Ykeyrh,yznjkc289@testmail.com,9681374816,Password290!
Nvhpno,Wmhbgz,nvhpno290@example.com,9096835588,Password291!
Hlposy,Ekyiao,hlposy291@example.com,6069596242,Password292!
Rjganq,Xlnrfv,rjganq292@example.com,9755820953,Password293!
Xukadu,Kvvicq,xukadu293@example.com,8084498183,Password294!
Wawzwy,Hexpev,wawzwy294@example.com,7580239190,Password295!
Uqqqoo,Pfuebt,uqqqoo295@mail.com,9663778511,Password296!
Ftbidl,Zctubb,ftbidl296@example.com,6287148635,Password297!
Xevbsj,Szpyln,xevbsj297@testmail.com,9664718771,Password298!
Kqbfkw,Yuuwaq,kqbfkw298@mail.com,8270555289,Password299!
Ifqyit,Yzjnlt,ifqyit299@example.com,6122847985,Password300!
Bsxtpm,Xdktub,bsxtpm300@example.com,6043616914,Password301!
Vhnrus,Wfbdoo,vhnrus301@mail.com,9388031562,Password302!
Jfqwbk,Ivntlq,jfqwbk302@mail.com,6056591457,Password303!
Qonxcw,Pxvowb,qonxcw303@mail.com,7605629029,Password304!
Ipsyoh,Bhvuer,ipsyoh304@example.com,9344294227,Password305!
Vgblxe,Zehhja,vgblxe305@example.com,6992404779,Password306!
Bkvera,Trdetj,bkvera306@mail.com,7595541661,Password307!
Gxibnr,Tyzgsv,gxibnr307@example.com,9089056379,Password308!
Zfcctt,Bczlbk,zfcctt308@testmail.com,7091207908,Password309!
Wqsfry,Wusanf,wqsfry309@testmail.com,7277148962,Password310!
Oqdtmy,Upsqbb,oqdtmy310@example.com,6835219636,Password311!
Mycjrg,Eyldzh,mycjrg311@mail.com,7529439119,Password312!
Lbdfvm,Ougujr,lbdfvm312@example.com,9130386606,Password313!
Wrpudc,Kmayfh,wrpudc313@testmail.com,7337823247,Password314!
Ibhwfh,Vsajkl,ibhwfh314@mail.com,8915225337,Password315!
Xuuzuq,Wbeweu,xuuzuq315@mail.com,8815739600,Password316!
Vlbdvi,Wafrua,vlbdvi316@example.com,8656154885,Password317!
Uwnbfb,Jbavml,uwnbfb317@example.com,8567557081,Password318!
Eqptds,Chesff,eqptds318@testmail.com,8307045014,Password319!
Modpfj,Jglcqx,modpfj319@example.com,6662585318,Password320!
Gryeih,Zuccjk,gryeih320@example.com,9853324229,Password321!
Jzukod,Bsipzd,jzukod321@testmail.com,6016119720,Password322!
Lngbgx,Rymkhl,lngbgx322@testmail.com,9425269677,Password323!
Ujpxaw,Tqwrnk,ujpxaw323@testmail.com,7208121805,Password324!
Hhomgz,Vkspqw,hhomgz324@testmail.com,6191477684,Password325!
Xrgwbx,Lbexdf,xrgwbx325@mail.com,9339073694,Password326!
Vxiftn,Sddbmt,vxiftn326@testmail.com,7624035448,Password327!
Iakshq,Isclas,iakshq327@testmail.com,7237564350,Password328!
Iohxwx,Wdywhs,iohxwx328@testmail.com,8517666158,Password329!
Oyojph,Iafokn,oyojph329@testmail.com,7223618188,Password330!
Aszcad,Fttoyk,aszcad330@testmail.com,9312657502,Password331!
Ayfxnc,Voksxv,ayfxnc331@mail.com,7722035951,Password332!
Kbmjjx,Najwxy,kbmjjx332@testmail.com,9598758986,Password333!
Fkaygv,Xzrsyu,fkaygv333@mail.com,9916406000,Password334!
Yybtqw,Muqfmf,yybtqw334@example.com,8873602479,Password335!
Ojjpui,Tpmylh,ojjpui335@mail.com,6941743303,Password336!
Lixibw,Vbhfnl,lixibw336@mail.com,6879133867,Password337!
Khyjbb,Lyzoyl,khyjbb337@mail.com,7370667279,Password338!
Hjvosn,Eounof,hjvosn338@testmail.com,6222854514,Password339!
Kfgmxt,Qsmmju,kfgmxt339@example.com,8397115109,Password340!
Vhbpbv,Flsllc,vhbpbv340@example.com,9244094593,Password341!
Ferezq,Vdrdai,ferezq341@testmail.com,9897111006,Password342!
Nfihpp,Iegzii,nfihpp342@testmail.com,9246365207,Password343!
Llrrhd,Amvuzb,llrrhd343@testmail.com,6286700041,Password344!
Lphidh,Xrqdsl,lphidh344@mail.com,7004543770,Password345!
Uyyelb,Tyqjxp,uyyelb345@mail.com,6458908954,Password346!
Rmqkao,Uqqwzk,rmqkao346@example.com,6828631547,Password347!
Vfutvy,Qotueg,vfutvy347@testmail.com,9899626413,Password348!
Hzulfx,Jwjfhy,hzulfx348@testmail.com,7489948242,Password349!
Zuuhkr,Fargtd,zuuhkr349@testmail.com,8560408265,Password350!
Swxmyg,Npfzkr,swxmyg350@example.com,7158328912,Password351!
Uqipgu,Ooyshe,uqipgu351@testmail.com,7782250126,Password352!
Yethzk,Orqhpt,yethzk352@testmail.com,7576134706,Password353!
Qhdyvd,Cqopce,qhdyvd353@mail.com,9585877998,Password354!
Kuepga,Rztoln,kuepga354@mail.com,8477668210,Password355!
Hdaofl,Sdvjme,hdaofl355@example.com,9068805229,Password356!
Esepfy,Hhuxfy,esepfy356@testmail.com,9784048063,Password357!
Ddnjau,Lscgot,ddnjau357@mail.com,7787557873,Password358!
Susydh,Pibwhs,susydh358@testmail.com,6725494871,Password359!
Jgxhyz,Iazcov,jgxhyz359@testmail.com,9528098203,Password360!
Fruafm,Lbvxuw,fruafm360@mail.com,9001719803,Password361!
Ffzbci,Egjrfi,ffzbci361@testmail.com,6976190730,Password362!
Bebgms,Lmtcle,bebgms362@mail.com,7939501109,Password363!
Camcxm,Pnebor,camcxm363@mail.com,7827570606,Password364!
Elcskq,Utsycv,elcskq364@testmail.com,8672777037,Password365!
Hojswb,Xnoyfz,hojswb365@example.com,7335912025,Password366!
Swtgve,Vrdtzn,swtgve366@example.com,7782245061,Password367!
Zvwcro,Qlkfgb,zvwcro367@testmail.com,7932349258,Password368!
Ytxcwo,Tbcgcm,ytxcwo368@testmail.com,6565277188,Password369!
Njnrxr,Mqojsg,njnrxr369@example.com,9056679360,Password370!
Wmrulj,Mbilsn,wmrulj370@testmail.com,7622653095,Password371!
Pxtbhf,Uwtsnc,pxtbhf371@mail.com,6954582146,Password372!
Qwpbpt,Bewudt,qwpbpt372@testmail.com,7986585198,Password373!
Whdhvq,Glurhh,whdhvq373@example.com,6477614287,Password374!
Cernvd,Oopvet,cernvd374@example.com,9146595411,Password375!
Dlqxtt,Jfcvaa,dlqxtt375@testmail.com,8426058523,Password376!
Wumhdc,Hwdvvf,wumhdc376@testmail.com,9857547143,Password377!
Stpcku,Qpabmx,stpcku377@testmail.com,6975834370,Password378!
Wqovyg,Nisoxl,wqovyg378@example.com,6939152843,Password379!
Gknjga,Nubpsl,gknjga379@testmail.com,6499118641,Password380!
Pyjquz,Oawxcd,pyjquz380@testmail.com,6399897394,Password381!
Mxifrq,Ufubae,mxifrq381@testmail.com,6048027345,Password382!
Jwsqeb,Dqvbab,jwsqeb382@testmail.com,6857197167,Password383!
Jrhniw,Viccmx,jrhniw383@example.com,9646967359,Password384!
Jnciod,Afhfni,jnciod384@testmail.com,6067089959,Password385!
Liomjn,Iymtnp,liomjn385@example.com,6874692459,Password386!
Lvipqb,Qfayzp,lvipqb386@mail.com,6346882346,Password387!
Ppoyfc,Fjrhuw,ppoyfc387@mail.com,7716641525,Password388!
Pwjtwe,Fbbnsd,pwjtwe388@example.com,6330811582,Password389!
Wpeass,Nztzyr,wpeass389@testmail.com,9177026882,Password390!
Emqbcl,Dnroby,emqbcl390@testmail.com,7219609441,Password391!
Xmlfkw,Mhutqq,xmlfkw391@mail.com,8330363668,Password392!
Cobjqn,Rhdczv,cobjqn392@testmail.com,6743879331,Password393!
Cpmfqw,Xhlldc,cpmfqw393@example.com,6486451891,Password394!
Fjigwo,Gtfstq,fjigwo394@testmail.com,8854644400,Password395!
Ptjzqg,Qpyxqd,ptjzqg395@example.com,9694910494,Password396!
Tqmhpl,Cpkjqe,tqmhpl396@mail.com,8412613509,Password397!
Jysojb,Fvitpn,jysojb397@example.com,6325824483,Password398!
Ineoyy,Txzplh,ineoyy398@testmail.com,6865261186,Password399!
Bnmipe,Utcatn,bnmipe399@mail.com,6795143449,Password400!
Jvwvil,Sctcza,jvwvil400@testmail.com,6047836578,Password401!
Hxlttc,Ytvroa,hxlttc401@mail.com,7144565728,Password402!
Qvumhg,Qxcjqq,qvumhg402@testmail.com,8523265742,Password403!
Sjlzqb,Udsdbp,sjlzqb403@example.com,7694458864,Password404!
Bekffs,Pgcnwm,bekffs404@mail.com,9529010728,Password405!
Xmwpbg,Oxliqg,xmwpbg405@testmail.com,9834902306,Password406!
Ieqvxn,Synrfg,ieqvxn406@testmail.com,6985322407,Password407!
Dzvypr,Pdjgrz,dzvypr407@example.com,6107849263,Password408!
Xbkemr,Eptdmf,xbkemr408@testmail.com,7123377239,Password409!
Ehvkzo,Txirij,ehvkzo409@mail.com,6292480515,Password410!
Qeciey,Ytdikq,qeciey410@mail.com,6308037816,Password411!
Bmctpt,Dysrlg,bmctpt411@example.com,9980884933,Password412!
Mffvpx,Rnldps,mffvpx412@example.com,9864876313,Password413!
Mnfnvn,Xrkkor,mnfnvn413@testmail.com,6518125198,Password414!
Qrauka,Kegias,qrauka414@example.com,8598165965,Password415!
Xejfto,Emmznx,xejfto415@example.com,9868233973,Password416!
Kpxabg,Iztwrp,kpxabg416@mail.com,8744224337,Password417!
Uiyinj,Zplvvl,uiyinj417@testmail.com,6567516488,Password418!
Siqyci,Quojjj,siqyci418@mail.com,9799113403,Password419!
Ujmmpi,Rbsifv,ujmmpi419@example.com,8578874637,Password420!
Xctdjx,Ghyvik,xctdjx420@testmail.com,8295873348,Password421!
Zsxrqp,Fnwhqr,zsxrqp421@example.com,8658992017,Password422!
Mqsies,Vsglwa,mqsies422@testmail.com,9606591688,Password423!
Agsrcp,Aarkfp,agsrcp423@testmail.com,6924281580,Password424!
Ppdzfr,Ijueco,ppdzfr424@testmail.com,7725398651,Password425!
Imhzkf,Tnlzpl,imhzkf425@testmail.com,6610230018,Password426!
Rwbxvk,Hadvgk,rwbxvk426@example.com,8184572087,Password427!
Mejlyj,Dkgnls,mejlyj427@mail.com,6039150385,Password428!
Sdqzga,Qlhfcr,sdqzga428@example.com,9324432818,Password429!
Afkkqr,Hvonym,afkkqr429@mail.com,9280527665,Password430!
Hltpuj,Beinlh,hltpuj430@example.com,7482136712,Password431!
Jzfnvz,Yhnxzg,jzfnvz431@mail.com,6471928153,Password432!
Xcqugq,Wzvwxc,xcqugq432@testmail.com,6122045624,Password433!
Mjlywk,Vwamdq,mjlywk433@mail.com,8523975806,Password434!
Kqrylc,Bzxqcl,kqrylc434@testmail.com,8359283987,Password435!
Oajqrt,Qikfsp,oajqrt435@testmail.com,7322382782,Password436!
Eeyiun,Vrendp,eeyiun436@testmail.com,9660276685,Password437!
Bjtdfq,Huosqy,bjtdfq437@mail.com,7726690426,Password438!
Khawcd,Jaages,khawcd438@mail.com,6112686335,Password439!
Fxsqsa,Ghxwpi,fxsqsa439@example.com,7502998704,Password440!
Idilke,Hhnjaj,idilke440@mail.com,8245889144,Password441!
Stlwti,Qtydlq,stlwti441@testmail.com,8938618779,Password442!
Pnuyni,Vvzfsz,pnuyni442@example.com,9136608888,Password443!
Qxmuuh,Ejtxhk,qxmuuh443@testmail.com,9101013140,Password444!
Fregbo,Dbahzb,fregbo444@testmail.com,8549682483,Password445!
Quweed,Aqhnhf,quweed445@testmail.com,7538192976,Password446!
Xisjdj,Miwpfc,xisjdj446@example.com,8070084071,Password447!
Hzyxac,Lnsvvj,hzyxac447@mail.com,6033389573,Password448!
Xsncjw,Nyehue,xsncjw448@example.com,8322520330,Password449!
Rdwvzq,Oaebqv,rdwvzq449@testmail.com,6946721931,Password450!
Zednfs,Emzyta,zednfs450@mail.com,9185064364,Password451!
Tfbqsu,Vpmrdw,tfbqsu451@testmail.com,7594596976,Password452!
Mgxxll,Nwthci,mgxxll452@testmail.com,6456938812,Password453!
Igvuhr,Ryslfo,igvuhr453@example.com,6815410692,Password454!
Iiakzm,Xartmt,iiakzm454@testmail.com,7488738061,Password455!
Ruwdit,Dvwlvq,ruwdit455@example.com,7662807146,Password456!
Shlpgc,Vrongs,shlpgc456@testmail.com,7584330485,Password457!
Gluvcx,Xvjqop,gluvcx457@mail.com,8767742226,Password458!
Oxilqj,Wxazbs,oxilqj458@testmail.com,7422006057,Password459!
Ogauft,Kviyyh,ogauft459@mail.com,6847148345,Password460!
Zjnhym,Qyovvi,zjnhym460@testmail.com,9910323743,Password461!
Qlogzv,Acaovg,qlogzv461@mail.com,8520846260,Password462!
Cwnjmt,Qeuhlv,cwnjmt462@mail.com,7185562653,Password463!
Thpbka,Uszdbb,thpbka463@mail.com,6209191571,Password464!
Ricwja,Mpnehw,ricwja464@example.com,6220381147,Password465!
Smmeon,Exbvtl,smmeon465@mail.com,7058039416,Password466!
Mbecbm,Ylvvyn,mbecbm466@testmail.com,9988831078,Password467!
Jbqayo,Hwrxzr,jbqayo467@testmail.com,9206673783,Password468!
Mwokvk,Iafasl,mwokvk468@example.com,8746407997,Password469!
Wkfxsa,Koopgh,wkfxsa469@example.com,8605524930,Password470!
Zqunah,Tnuzmf,zqunah470@mail.com,7369290049,Password471!
Eltugy,Camhyc,eltugy471@example.com,6344409141,Password472!
Jldyne,Lgkrfv,jldyne472@mail.com,8604201958,Password473!
Rmsghn,Tktgyr,rmsghn473@mail.com,7247407299,Password474!
Flsnbi,Bgeerc,flsnbi474@testmail.com,6793304589,Password475!
Wgtvoa,Apdhcl,wgtvoa475@example.com,6754271372,Password476!
Nasqms,Pluewf,nasqms476@mail.com,6966081778,Password477!
Elnlgu,Jrofpe,elnlgu477@testmail.com,9177596309,Password478!
Oauwpi,Pwtxga,oauwpi478@testmail.com,6534810371,Password479!
Ffcrcv,Osnfsc,ffcrcv479@example.com,9337252509,Password480!
Slehrk,Wfyhpe,slehrk480@example.com,8589231675,Password481!
Vswugd,Kvojux,vswugd481@testmail.com,8568377419,Password482!
Cwzkgr,Svneag,cwzkgr482@example.com,8014700411,Password483!
Liaqbw,Siesna,liaqbw483@example.com,8476805106,Password484!
Ardxwr,Owgfct,ardxwr484@testmail.com,9719271946,Password485!
Trrebl,Lrbcnm,trrebl485@mail.com,7456530651,Password486!
Vmczvu,Ukpcds,vmczvu486@mail.com,7036064666,Password487!
Gojmad,Ntcecd,gojmad487@mail.com,6443109537,Password488!
Ctmtud,Pudczu,ctmtud488@mail.com,8555463375,Password489!
Gjjlvp,Quvyqa,gjjlvp489@testmail.com,6087018606,Password490!
Gjewnh,Ytmbka,gjewnh490@testmail.com,7151022429,Password491!
Lrulhu,Ocjpco,lrulhu491@mail.com,9857706095,Password492!
Idyvaj,Kgwvrs,idyvaj492@mail.com,6758591968,Password493!
Dbyvws,Ecsulf,dbyvws493@example.com,6702957882,Password494!
Vxllrc,Hczmow,vxllrc494@example.com,6164759107,Password495!
Eqhgrm,Vfacrv,eqhgrm495@example.com,9857291923,Password496!
Cyifww,Uxcfyw,cyifww496@example.com,8129530796,Password497!
Hndvgo,Tpnylg,hndvgo497@example.com,6298684126,Password498!
Nlhufr,Uuhwsg,nlhufr498@mail.com,7545752298,Password499!
Hxkkob,Qouhbe,hxkkob499@testmail.com,8932943864,Password500!
Dhuidz,Uuqwhf,dhuidz500@mail.com,6332819854,Password501!
Khvqdm,Ftxyex,khvqdm501@mail.com,6615206865,Password502!
Urnrtk,Veqnuy,urnrtk502@example.com,9613069585,Password503!
Obsvuh,Duquhq,obsvuh503@mail.com,9466679273,Password504!
Yagmsr,Fgjgtx,yagmsr504@example.com,9709740756,Password505!
Hdstmh,Niobyb,hdstmh505@example.com,9371499201,Password506!
Zyycgs,Vxxvcb,zyycgs506@mail.com,7679254320,Password507!
Vayyqx,Hzvrez,vayyqx507@example.com,9175415091,Password508!
Jlegym,Jasgai,jlegym508@testmail.com,8078935436,Password509!
Bxsbtj,Tidfjt,bxsbtj509@example.com,6465408097,Password510!
Xudduc,Quxstb,xudduc510@mail.com,9555731759,Password511!
Hfglze,Dfqytg,hfglze511@example.com,9532066127,Password512!
Nyrcsq,Nksrki,nyrcsq512@testmail.com,9601436008,Password513!
Tdgxrl,Eewgwv,tdgxrl513@example.com,9746999734,Password514!
Zvbdtk,Pbksnp,zvbdtk514@mail.com,8780282470,Password515!
Thdqdo,Hgocnj,thdqdo515@testmail.com,7901134535,Password516!
Ffqztk,Ywvxfv,ffqztk516@testmail.com,6343160552,Password517!
Dkmhwi,Nndmnq,dkmhwi517@example.com,7465559123,Password518!
Ohlypg,Qwhprg,ohlypg518@testmail.com,8130680011,Password519!
Gwidpc,Fzjbgb,gwidpc519@example.com,7673403777,Password520!
Acwdpi,Rneayz,acwdpi520@mail.com,8566363753,Password521!
Ukodsv,Uuakwq,ukodsv521@testmail.com,7308322811,Password522!
Isbmbl,Hsfzsu,isbmbl522@testmail.com,8664498251,Password523!
Xpxrzc,Sudish,xpxrzc523@testmail.com,6900262846,Password524!
Coksrc,Nuskon,coksrc524@example.com,6921431606,Password525!
Obbsuj,Fufaiv,obbsuj525@testmail.com,6629833043,Password526!
Oqgkfk,Usrvaq,oqgkfk526@mail.com,7648781809,Password527!
Yjjasc,Qqhrtq,yjjasc527@testmail.com,7298141394,Password528!
Ycwkui,Hoxrlf,ycwkui528@mail.com,6110093566,Password529!
Rpkivm,Ojnbmc,rpkivm529@mail.com,8954520374,Password530!
Caktrt,Jeyvfb,caktrt530@example.com,8506836967,Password531!
Fvtqoi,Pkjmdu,fvtqoi531@testmail.com,6926735859,Password532!
Thzkoi,Jfgwil,thzkoi532@testmail.com,9541938235,Password533!
Mgkyye,Lkypvg,mgkyye533@example.com,9003007400,Password534!
Kjoaut,Dnhhkr,kjoaut534@mail.com,7896488359,Password535!
Kmnuco,Owsfly,kmnuco535@mail.com,8828294958,Password536!
Dikrwu,Gbajhe,dikrwu536@testmail.com,9062411366,Password537!
Mslfke,Rrlxuc,mslfke537@mail.com,8548530520,Password538!
Fbmzzd,Yqnkfo,fbmzzd538@mail.com,7367834905,Password539!
Txblnm,Dfsltu,txblnm539@testmail.com,9628684065,Password540!
Pxxziz,Elxmro,pxxziz540@mail.com,9754100538,Password541!
Xlgjpl,Moygnh,xlgjpl541@mail.com,8689558709,Password542!
Clerep,Ufzzvl,clerep542@mail.com,7242816230,Password543!
Pgjxio,Ufkcsn,pgjxio543@mail.com,6210743874,Password544!
Xveoey,Caqppe,xveoey544@example.com,9869663186,Password545!
Xclwhw,Edpvvn,xclwhw545@testmail.com,6521489321,Password546!
Fzvhnk,Fnhllo,fzvhnk546@example.com,6345244421,Password547!
Qaugaq,Zakjin,qaugaq547@example.com,8154454164,Password548!
Dqavno,Ktrncp,dqavno548@testmail.com,9378184977,Password549!
Vphkfd,Efnjdm,vphkfd549@example.com,9263162096,Password550!
Btkeky,Mcvzir,btkeky550@mail.com,6199953514,Password551!
Myezvw,Qagsrd,myezvw551@example.com,6408877176,Password552!
Llvusx,Oenurw,llvusx552@mail.com,9611245195,Password553!
Jbrqhc,Mnyndz,jbrqhc553@testmail.com,8654019198,Password554!
Bymnok,Azdtft,bymnok554@example.com,9990513028,Password555!
Ndrimz,Grtmhe,ndrimz555@example.com,7112141440,Password556!
Upwhba,Ooquiw,upwhba556@testmail.com,8042322897,Password557!
Dqwxlc,Bxbtql,dqwxlc557@example.com,7030043196,Password558!
Raxyeb,Ngpytx,raxyeb558@testmail.com,8299736402,Password559!
Jgiank,Bbplup,jgiank559@example.com,9549768568,Password560!
Ijgxod,Cjymlb,ijgxod560@example.com,7185103966,Password561!
Phygcu,Jxwtgc,phygcu561@testmail.com,7454321927,Password562!
Nvrdkk,Gqcgwq,nvrdkk562@testmail.com,6327848676,Password563!
Auibgl,Prjlnp,auibgl563@testmail.com,7033235086,Password564!
Geknbn,Iwmjzm,geknbn564@testmail.com,8814105459,Password565!
Sqvzev,Anryke,sqvzev565@example.com,8727107384,Password566!
Tbhaby,Ythrmm,tbhaby566@example.com,9083551587,Password567!
Srrvwr,Hjscxn,srrvwr567@example.com,8069134878,Password568!
Bnihgn,Axfobk,bnihgn568@testmail.com,7539121256,Password569!
Chbbyt,Qwkajf,chbbyt569@testmail.com,7059667329,Password570!
Ftwgvj,Zrovrg,ftwgvj570@mail.com,9661682671,Password571!
Rcembd,Hnlgmv,rcembd571@mail.com,6307629499,Password572!
Hicalr,Kbrhdu,hicalr572@example.com,7269533501,Password573!
Xozyqt,Dpvjoo,xozyqt573@mail.com,7666680819,Password574!
Avocgo,Hhkjuf,avocgo574@mail.com,7499187987,Password575!
Jdvhgy,Jayube,jdvhgy575@mail.com,6420248263,Password576!
Khntkn,Dqjdax,khntkn576@example.com,7262792921,Password577!
Uqithp,Suaqkw,uqithp577@testmail.com,6378029423,Password578!
Ibveua,Qjgtme,ibveua578@example.com,7217046567,Password579!
Mnuzko,Ijhkmg,mnuzko579@mail.com,6394804135,Password580!
Nrdssh,Gwfrvz,nrdssh580@testmail.com,6973050169,Password581!
Ugjsgd,Onbhnf,ugjsgd581@mail.com,9281789719,Password582!
Pzjbdk,Ydodxl,pzjbdk582@mail.com,8363735261,Password583!
Obfeqh,Rlksxm,obfeqh583@mail.com,9963233858,Password584!
Ahilao,Qpjyfa,ahilao584@example.com,6562821678,Password585!
Sueohs,Yrfudy,sueohs585@example.com,9897909732,Password586!
Jqduft,Fcuqge,jqduft586@mail.com,9580301390,Password587!
Wshtez,Knasdt,wshtez587@mail.com,9367575345,Password588!
Iymnju,Nfnpwl,iymnju588@mail.com,7573903043,Password589!
Htzjwd,Jhvcjm,htzjwd589@example.com,6653009167,Password590!
Nbhtam,Aqtgwd,nbhtam590@testmail.com,8661841258,Password591!
Otglkc,Rrdsrw,otglkc591@example.com,7750698750,Password592!
Gosszf,Ccerzd,gosszf592@example.com,6685554800,Password593!
Ayauoj,Lbqses,ayauoj593@testmail.com,8676277159,Password594!
Hilkex,Ahbpef,hilkex594@mail.com,6160050707,Password595!
Lcxvzl,Ojtomz,lcxvzl595@testmail.com,8932951576,Password596!
Odjzjs,Vihpss,odjzjs596@testmail.com,6910924280,Password597!
Cgljsu,Westtv,cgljsu597@mail.com,9857597622,Password598!
Raakvg,Yoxgic,raakvg598@example.com,7747053899,Password599!
Epyzsa,Oyibqm,epyzsa599@testmail.com,6640007363,Password600!
Hqnaeb,Wxuiks,hqnaeb600@example.com,9849160503,Password601!
Kvscdx,Eubafq,kvscdx601@testmail.com,9413456759,Password602!
Zdesbp,Qielkr,zdesbp602@testmail.com,8046688645,Password603!
Kyxyho,Zxnehp,kyxyho603@testmail.com,7633363227,Password604!
Hpdafv,Dsndkj,hpdafv604@testmail.com,7324848500,Password605!
Zxcehi,Ysrfwf,zxcehi605@testmail.com,6555588390,Password606!
Vyoctd,Wovdcv,vyoctd606@testmail.com,7527853170,Password607!
Wlwsjf,Meydkd,wlwsjf607@mail.com,7284927484,Password608!
Pvvega,Ljsgpn,pvvega608@example.com,8085935248,Password609!
Jmfqpe,Hmzkrv,jmfqpe609@example.com,6788672792,Password610!
Jjnmcf,Pniyax,jjnmcf610@mail.com,8041698711,Password611!
Askdum,Jrotgi,askdum611@mail.com,8151963317,Password612!
Xhaoyv,Tkekle,xhaoyv612@mail.com,9717033106,Password613!
Vhblho,Eyidxr,vhblho613@example.com,6453128626,Password614!
Bkinez,Livuri,bkinez614@example.com,9171627071,Password615!
Shhlxu,Dkdnvu,shhlxu615@mail.com,7484398728,Password616!
Tpmmog,Axpmng,tpmmog616@mail.com,7054576885,Password617!
Bzdpnh,Jfeavr,bzdpnh617@example.com,9706346956,Password618!
Okalkw,Vekxpa,okalkw618@testmail.com,7954911814,Password619!
Mwkmwa,Sdzgoj,mwkmwa619@mail.com,6805989747,Password620!
Iiruav,Rxzzer,iiruav620@testmail.com,6208198608,Password621!
Myvrlt,Fvlsup,myvrlt621@mail.com,7737437412,Password622!
Nuioap,Kvlohr,nuioap622@testmail.com,8304263982,Password623!
Msusew,Kwbcab,msusew623@example.com,6080598830,Password624!
Twhbnw,Otzvkn,twhbnw624@example.com,8288547965,Password625!
Ekmpqq,Merhnu,ekmpqq625@mail.com,6733422115,Password626!
Rqonuu,Pkrkdj,rqonuu626@mail.com,6899691096,Password627!
Wfvylf,Sxuiua,wfvylf627@example.com,7254979549,Password628!
Thukio,Doghho,thukio628@mail.com,8106474240,Password629!
Dehalg,Ymfaih,dehalg629@mail.com,9775778360,Password630!
Mcdsvw,Alknkt,mcdsvw630@testmail.com,8838601314,Password631!
Zrdpsk,Rvzqqc,zrdpsk631@example.com,7188575393,Password632!
Pfpvai,Ihmzba,pfpvai632@example.com,7526859542,Password633!
Doscyl,Bumqlx,doscyl633@example.com,7640776547,Password634!
Foarcd,Tuxpmx,foarcd634@mail.com,6103934121,Password635!
Elnnjt,Yadwuc,elnnjt635@example.com,9991330205,Password636!
Bqtchi,Iomvlx,bqtchi636@testmail.com,8705815982,Password637!
Yqfcfz,Xgtlqu,yqfcfz637@testmail.com,6037183060,Password638!
Vlgfyt,Rauncm,vlgfyt638@example.com,9961589347,Password639!
Oqcftr,Zdvowq,oqcftr639@example.com,7494341860,Password640!
Hxdrrn,Irgmlq,hxdrrn640@example.com,9095422747,Password641!
Izzxvu,Wvkboi,izzxvu641@example.com,6686093462,Password642!
Vmvwgt,Dkiond,vmvwgt642@testmail.com,9075586861,Password643!
Eztved,Xsbqeo,eztved643@example.com,6222958881,Password644!
Cosppz,Jodoym,cosppz644@mail.com,6529533482,Password645!
Xigcvl,Fgqbey,xigcvl645@mail.com,6776747263,Password646!
Xfeolh,Ompygu,xfeolh646@testmail.com,7228832106,Password647!
Svmfwv,Zbygkq,svmfwv647@example.com,9026811024,Password648!
Dyowcn,Ktmrjf,dyowcn648@example.com,9738761390,Password649!
Xyypud,Giimvh,xyypud649@mail.com,8337264237,Password650!
Szqeca,Cahkwf,szqeca650@mail.com,6324110833,Password651!
Mkebjk,Opwbeg,mkebjk651@mail.com,8290379725,Password652!
Wbxexk,Tbwlgq,wbxexk652@testmail.com,9680055213,Password653!
Pglhtr,Bnaieo,pglhtr653@example.com,7565631685,Password654!
Ecsvfm,Sbgvqm,ecsvfm654@mail.com,8418358636,Password655!
Qhbnsj,Qoslie,qhbnsj655@testmail.com,8978621301,Password656!
Ymcqng,Zyxmhb,ymcqng656@mail.com,7479117116,Password657!
Cpcogp,Blopul,cpcogp657@mail.com,9516322324,Password658!
Lidjgk,Ficdeo,lidjgk658@testmail.com,7957149507,Password659!
Giumce,Lbgkqv,giumce659@mail.com,6240932465,Password660!
Rqjsry,Iygdtn,rqjsry660@mail.com,9367058069,Password661!
Suhfxl,Xmtwzz,suhfxl661@example.com,8045231495,Password662!
Mxgfnz,Nivtxe,mxgfnz662@example.com,9023145986,Password663!
Zjcbqm,Zesrbi,zjcbqm663@testmail.com,8071045483,Password664!
Orlkuo,Hjasxo,orlkuo664@mail.com,9740301506,Password665!
Dkpfvf,Ntpcsr,dkpfvf665@testmail.com,8057174810,Password666!
Kvkdtb,Ekongk,kvkdtb666@example.com,8559079119,Password667!
Ipwxxj,Gntzhq,ipwxxj667@mail.com,6040112974,Password668!
Zzqrse,Otvuvh,zzqrse668@testmail.com,6332366088,Password669!
Kodafk,Miecgd,kodafk669@testmail.com,8609658362,Password670!
Ldnllg,Fpiwxi,ldnllg670@example.com,8431602059,Password671!
Mupvnk,Wbsiih,mupvnk671@example.com,8983769466,Password672!
Eqlwsb,Bvwgwa,eqlwsb672@example.com,8925601825,Password673!
Vsmqnh,Dsibha,vsmqnh673@mail.com,6507782188,Password674!
Jntjqk,Ytpjeo,jntjqk674@testmail.com,9693938119,Password675!
Omrpej,Nbthtf,omrpej675@testmail.com,6277739329,Password676!
Lgabsw,Xtibbt,lgabsw676@mail.com,7376334144,Password677!
Eskdti,Ftupmp,eskdti677@example.com,8771568526,Password678!
Gadnai,Sxebrn,gadnai678@testmail.com,7309781800,Password679!
Eenfal,Vpmpjg,eenfal679@testmail.com,7889832598,Password680!
Ehsjir,Xaagov,ehsjir680@example.com,8109727605,Password681!
Iwbacy,Hvjwfo,iwbacy681@example.com,8202498750,Password682!
Ragvqa,Vhfrtx,ragvqa682@testmail.com,8880427869,Password683!
Nvngko,Mqtynm,nvngko683@testmail.com,6635271053,Password684!
Lcknba,Xjpqdk,lcknba684@mail.com,6987470215,Password685!
Minecu,Txogmz,minecu685@mail.com,6014331646,Password686!
Hellsc,Rwhmem,hellsc686@mail.com,8995454807,Password687!
Rccqzs,Kkgblf,rccqzs687@testmail.com,7635770115,Password688!
Werhpr,Yxhkhu,werhpr688@mail.com,8890117060,Password689!
Osrjpg,Iwkmeg,osrjpg689@example.com,9771297298,Password690!
Vylmnx,Ejdfjf,vylmnx690@example.com,9233352262,Password691!
Keehua,Fxcsxo,keehua691@testmail.com,6494702069,Password692!
Hzrgtf,Wfvggo,hzrgtf692@testmail.com,7473484293,Password693!
Oblawa,Ccemtv,oblawa693@testmail.com,8517540533,Password694!
Aixmnn,Uwssur,aixmnn694@example.com,9855685060,Password695!
Ymdigh,Eugcgc,ymdigh695@example.com,7879036199,Password696!
Klmzji,Mcqymy,klmzji696@testmail.com,6580304153,Password697!
Xblkwy,Uwevxf,xblkwy697@mail.com,6926921929,Password698!
Yiffyz,Vgvxrh,yiffyz698@mail.com,8903987524,Password699!
Envadr,Cdbuug,envadr699@example.com,8070631707,Password700!
Quvndg,Qznqef,quvndg700@testmail.com,8657126405,Password701!
Ximaer,Prizpe,ximaer701@example.com,9307438669,Password702!
Uzvxqx,Romdcf,uzvxqx702@mail.com,8382458743,Password703!
Wxbjhc,Xrzgrl,wxbjhc703@testmail.com,8364144355,Password704!
Wgaeab,Rwkfno,wgaeab704@example.com,6827170277,Password705!
Rjfotr,Xisqhf,rjfotr705@testmail.com,6094331746,Password706!
Jopjih,Ykstjq,jopjih706@testmail.com,6296099952,Password707!
Lvwqhx,Npgnar,lvwqhx707@mail.com,7798017814,Password708!
Ghhech,Fkjrmf,ghhech708@mail.com,9870366610,Password709!
Ctgenh,Qmaqdl,ctgenh709@testmail.com,6290011791,Password710!
Eqtqdc,Cftbkp,eqtqdc710@testmail.com,8222743026,Password711!
Yrutsn,Vmbtyy,yrutsn711@example.com,9582667732,Password712!
Argrdd,Ccbasf,argrdd712@testmail.com,7707476154,Password713!
Konfep,Zgcllb,konfep713@example.com,9355430207,Password714!
Yxoxbs,Fmopfi,yxoxbs714@mail.com,6762923154,Password715!
Vbfskg,Rssoex,vbfskg715@example.com,7201143480,Password716!
Ugisbz,Xqptqv,ugisbz716@mail.com,6038040208,Password717!
Vqtabw,Wvsgke,vqtabw717@testmail.com,8640768048,Password718!
Lqetdm,Yetoaa,lqetdm718@mail.com,7566492170,Password719!
Hjvmzi,Qqdywk,hjvmzi719@mail.com,7025611772,Password720!
Hokvll,Szaeul,hokvll720@testmail.com,7065991134,Password721!
Qmgdnv,Xyczwo,qmgdnv721@example.com,8922290421,Password722!
Ffccyq,Pktmec,ffccyq722@testmail.com,9989209315,Password723!
Sspofc,Umobwe,sspofc723@testmail.com,6817640722,Password724!
Cvtmnw,Ptvfok,cvtmnw724@mail.com,6299232439,Password725!
Kfgora,Jzrcgz,kfgora725@example.com,8284011877,Password726!
Poqvud,Lehsqz,poqvud726@example.com,8190595663,Password727!
Zzwymv,Kzaqna,zzwymv727@testmail.com,6346120734,Password728!
Pppvko,Yfawci,pppvko728@mail.com,8555475695,Password729!
Lypyfc,Usrbls,lypyfc729@mail.com,9623104702,Password730!
Vaevmp,Muxvfl,vaevmp730@testmail.com,9308539898,Password731!
Lyyvwc,Sptsyp,lyyvwc731@mail.com,9245004011,Password732!
Nlkejd,Lxgweh,nlkejd732@testmail.com,6452364205,Password733!
Uukzms,Yplbwq,uukzms733@example.com,8079401654,Password734!
Txgotg,Minyxw,txgotg734@mail.com,7878864487,Password735!
Erorvy,Dkanhk,erorvy735@example.com,6557989386,Password736!
Vevnjr,Agijxj,vevnjr736@testmail.com,9466617018,Password737!
Urzqeh,Hmiicb,urzqeh737@mail.com,9621092699,Password738!
Rmblzl,Axxvej,rmblzl738@mail.com,8280506901,Password739!
Nmvcjx,Neajfz,nmvcjx739@testmail.com,9157406079,Password740!
Skibsl,Pljzut,skibsl740@example.com,9255532247,Password741!
Uldptc,Cefmok,uldptc741@example.com,9118200973,Password742!
Qqewbf,Rfxxcn,qqewbf742@mail.com,9225810069,Password743!
Xpvzdj,Viosbp,xpvzdj743@testmail.com,7240758329,Password744!
Tjmkaw,Sqllcc,tjmkaw744@testmail.com,9472000938,Password745!
Mlocix,Kskzut,mlocix745@mail.com,8408790832,Password746!
Yxcxka,Xgwhds,yxcxka746@testmail.com,6292071086,Password747!
Frojst,Bugkhi,frojst747@mail.com,9487207677,Password748!
Gcttcq,Zapzum,gcttcq748@testmail.com,6491664260,Password749!
Slyepn,Xqdwmp,slyepn749@mail.com,9473440722,Password750!
Pcwyyj,Mcrkte,pcwyyj750@example.com,8120046059,Password751!
Uaelyk,Homtla,uaelyk751@testmail.com,9520274035,Password752!
Exnema,Pxggnc,exnema752@testmail.com,9397175264,Password753!
Xvvaav,Qrolyv,xvvaav753@mail.com,6362729935,Password754!
Byuaof,Rkklkk,byuaof754@example.com,6929144950,Password755!
Yjzwho,Tzasem,yjzwho755@testmail.com,7898656790,Password756!
Akpole,Uzupyl,akpole756@example.com,8180846546,Password757!
Rydvzv,Ixvgns,rydvzv757@testmail.com,8923726641,Password758!
Rfnzmf,Tfpmpr,rfnzmf758@testmail.com,8010110120,Password759!
Pkmdpl,Hjuaki,pkmdpl759@testmail.com,7471030080,Password760!
Pusohu,Pybiqm,pusohu760@mail.com,9675743744,Password761!
Snuxuc,Drivyn,snuxuc761@example.com,7599528118,Password762!
Pvnyap,Wcwwvr,pvnyap762@testmail.com,9364636159,Password763!
Gjsfvv,Dcflwk,gjsfvv763@example.com,9183223859,Password764!
Ywseky,Ydpiyv,ywseky764@testmail.com,9170983230,Password765!
Gnkvhm,Bnphuy,gnkvhm765@example.com,8932832513,Password766!
Aouuzl,Wxdibb,aouuzl766@example.com,9440860578,Password767!
Uolkxx,Tluxlx,uolkxx767@testmail.com,6151242127,Password768!
Fyxmpa,Cmxiiv,fyxmpa768@mail.com,9072911823,Password769!
Ljwhvv,Owqttz,ljwhvv769@testmail.com,8381139956,Password770!
Udtfbf,Dlthai,udtfbf770@testmail.com,9360243250,Password771!
Irfytl,Jzojbq,irfytl771@mail.com,6239782942,Password772!
Coaxzy,Ccusgt,coaxzy772@example.com,8077810506,Password773!
Slomhc,Yugkhz,slomhc773@example.com,6321752641,Password774!
Hbgrxl,Bwkyfy,hbgrxl774@mail.com,6256132839,Password775!
Poxolg,Imheea,poxolg775@example.com,7811613669,Password776!
Ycqdsl,Xzroid,ycqdsl776@mail.com,6140562031,Password777!
Ukrcmn,Dagmsj,ukrcmn777@mail.com,6105971515,Password778!
Zlhkvd,Hrhkvo,zlhkvd778@testmail.com,6343029647,Password779!
Ttjlnp,Vyjyxt,ttjlnp779@testmail.com,9077240592,Password780!
Opabea,Xmagzm,opabea780@example.com,7757529316,Password781!
Sstbgl,Cehiyj,sstbgl781@testmail.com,9569169395,Password782!
Sqhfud,Ypwsut,sqhfud782@example.com,7088239715,Password783!
Ocethl,Eylemm,ocethl783@example.com,8451458378,Password784!
Rvrwcx,Pffgvi,rvrwcx784@mail.com,7341695908,Password785!
Nvbsma,Iqulma,nvbsma785@mail.com,9265407324,Password786!
Izjxka,Kazftg,izjxka786@testmail.com,9586973497,Password787!
Wadsms,Ckskrm,wadsms787@mail.com,7852613260,Password788!
Qrdwsf,Ormyfw,qrdwsf788@example.com,8203844021,Password789!
Dnxozr,Ttesfn,dnxozr789@testmail.com,7207339352,Password790!
Aqcnzo,Mbntzj,aqcnzo790@mail.com,7080507789,Password791!
Kwacpa,Vtjtot,kwacpa791@mail.com,6520244312,Password792!
Ipxodw,Dsxemd,ipxodw792@example.com,7033931154,Password793!
Mlejii,Yombal,mlejii793@mail.com,7979317174,Password794!
Mdbqfl,Ptfmmp,mdbqfl794@example.com,6928735450,Password795!
Huwztn,Evchri,huwztn795@testmail.com,9350876679,Password796!
Zbwtzo,Aqngbb,zbwtzo796@example.com,9274715840,Password797!
Ubcfpb,Ofcshs,ubcfpb797@example.com,9963386314,Password798!
Uarjkn,Ucabzg,uarjkn798@mail.com,9791980054,Password799!
Pkocvy,Uwziep,pkocvy799@mail.com,6409361727,Password800!
Yqlhey,Zpmajo,yqlhey800@mail.com,8926022208,Password801!
Eyyksd,Jrhnow,eyyksd801@testmail.com,8708525038,Password802!
Dsewrd,Naralb,dsewrd802@mail.com,8002496162,Password803!
Ezikym,Fppkhs,ezikym803@testmail.com,9176873043,Password804!
Cpsvka,Ctgbvb,cpsvka804@testmail.com,6853211091,Password805!
Ujfsca,Srfwda,ujfsca805@mail.com,6016232511,Password806!
Lpqjxh,Ogvjku,lpqjxh806@mail.com,8328587624,Password807!
Qihbif,Iolurc,qihbif807@testmail.com,9500157629,Password808!
Xbnaib,Gxxbnx,xbnaib808@testmail.com,9562057555,Password809!
Jorcbn,Fawcsy,jorcbn809@testmail.com,6575715481,Password810!
Akslzk,Fkswfk,akslzk810@testmail.com,7986135142,Password811!
Qnjdgc,Wlcnut,qnjdgc811@example.com,8539884352,Password812!
Duxlhb,Cuvkps,duxlhb812@testmail.com,7451283817,Password813!
Rlvulm,Tjjcgr,rlvulm813@mail.com,8297472762,Password814!
Cituho,Qjjesq,cituho814@testmail.com,8465367458,Password815!
Fcyxzi,Sdqtsz,fcyxzi815@mail.com,7416802182,Password816!
Gvocdg,Yeounm,gvocdg816@mail.com,6752140251,Password817!
Dcxpfa,Seitfd,dcxpfa817@testmail.com,6953129682,Password818!
Aegxnf,Romvgp,aegxnf818@testmail.com,6307402049,Password819!
Uybnee,Igkgui,uybnee819@mail.com,8016752060,Password820!
Bfknix,Zruuew,bfknix820@testmail.com,8861799774,Password821!
Kfiyul,Fqtckk,kfiyul821@testmail.com,7742057992,Password822!
Iwpyxf,Yhtdii,iwpyxf822@testmail.com,9275383651,Password823!
Tcjgxs,Qhxdpq,tcjgxs823@testmail.com,8313800262,Password824!
Zgxkax,Vngoml,zgxkax824@example.com,6577754942,Password825!
Whhrry,Scsuzs,whhrry825@testmail.com,8540884648,Password826!
Lfzmie,Swlorg,lfzmie826@example.com,7757111013,Password827!
Zeihmr,Ehpwdq,zeihmr827@example.com,9944338276,Password828!
Tgqngq,Rqgltw,tgqngq828@mail.com,9144947892,Password829!
Uqewar,Fnxhyc,uqewar829@example.com,9616001579,Password830!
Dhozlr,Ccwhku,dhozlr830@example.com,6700253542,Password831!
Edekoq,Xmhusl,edekoq831@testmail.com,6441862954,Password832!
Dpjfac,Zfkfkx,dpjfac832@testmail.com,8282115663,Password833!
Xhresw,Hatjyf,xhresw833@mail.com,9922988598,Password834!
Marmxz,Wizelo,marmxz834@testmail.com,6308904395,Password835!
Hjpmdx,Ovnkwv,hjpmdx835@mail.com,7268955395,Password836!
Jonyxd,Kadcwz,jonyxd836@example.com,9075965709,Password837!
Nhbsil,Iispvt,nhbsil837@testmail.com,8372272077,Password838!
Mbrgvm,Kxtgnv,mbrgvm838@testmail.com,8220951776,Password839!
Aflajr,Tqltwu,aflajr839@example.com,6023731105,Password840!
Rjjhxi,Vjbgcu,rjjhxi840@mail.com,6632196480,Password841!
Helwjk,Ectrop,helwjk841@mail.com,7059690259,Password842!
Hdibnf,Tckixe,hdibnf842@testmail.com,8289380280,Password843!
Qecbsi,Afkxtd,qecbsi843@mail.com,8439284073,Password844!
Olpvnm,Yjrhyo,olpvnm844@example.com,8744765418,Password845!
Oyunxg,Yedxhp,oyunxg845@testmail.com,7466926144,Password846!
Npoxpl,Eopaio,npoxpl846@mail.com,6929186407,Password847!
Iqyvvi,Eulfld,iqyvvi847@mail.com,9849815912,Password848!
Brtfds,Gtmfwj,brtfds848@example.com,7249638947,Password849!
Axxxwp,Nbtdru,axxxwp849@example.com,9070126081,Password850!
Fwndpk,Nzcpib,fwndpk850@example.com,6464788176,Password851!
Ncganf,Wveiib,ncganf851@example.com,9811836991,Password852!
Faomrn,Baoqoy,faomrn852@example.com,8926739886,Password853!
Emzvqo,Xcldxs,emzvqo853@example.com,9858139255,Password854!
Bhmugc,Mxpkzz,bhmugc854@mail.com,9195378098,Password855!
Bapvnc,Fccxts,bapvnc855@example.com,6794822606,Password856!
Rkizak,Fpkmzb,rkizak856@testmail.com,7299899439,Password857!
Zaviic,Njimkq,zaviic857@example.com,7283464561,Password858!
Pmqhqe,Sgnxqx,pmqhqe858@mail.com,9849473679,Password859!
Osnhfy,Sxecqj,osnhfy859@example.com,8110341599,Password860!
Mpwewf,Fceziw,mpwewf860@testmail.com,7204743769,Password861!
Igmdyw,Epjqqk,igmdyw861@testmail.com,8268960098,Password862!
Gazhrp,Vllzph,gazhrp862@example.com,9619246343,Password863!
Sksgae,Gnpqia,sksgae863@mail.com,7614769674,Password864!
Sjarqy,Doiycm,sjarqy864@mail.com,7326162996,Password865!
Raxcgh,Ekzjzn,raxcgh865@mail.com,9018060871,Password866!
Wyghby,Ptmeru,wyghby866@example.com,9551430224,Password867!
Eewxkk,Dplkku,eewxkk867@testmail.com,7216222596,Password868!
Iryeed,Bjiqvd,iryeed868@example.com,8669080426,Password869!
Nwpobi,Rmpwap,nwpobi869@example.com,6025898621,Password870!
Ewnvbl,Pnkodn,ewnvbl870@testmail.com,7459647557,Password871!
Iyfzal,Hjxkdq,iyfzal871@mail.com,8504416289,Password872!
Cyaiuj,Jvnuxw,cyaiuj872@example.com,8534351071,Password873!
Tmreob,Puwbyz,tmreob873@example.com,6475226033,Password874!
Wmqgxa,Ufswxx,wmqgxa874@example.com,9252191704,Password875!
Rnacdt,Pilrap,rnacdt875@example.com,7947855822,Password876!
Coqlpl,Deakpd,coqlpl876@testmail.com,7877004653,Password877!
Pxbimu,Gavmpo,pxbimu877@mail.com,9462292582,Password878!
Yxsqww,Aeqoyl,yxsqww878@testmail.com,7885405312,Password879!
Neunsx,Befzuk,neunsx879@mail.com,8649894991,Password880!
Nfubty,Wjmlvt,nfubty880@testmail.com,7540197334,Password881!
Kxllkp,Pjtfnt,kxllkp881@example.com,6802956324,Password882!
Jmonqo,Thwfqa,jmonqo882@example.com,6735776543,Password883!
Awvaid,Tlorsx,awvaid883@testmail.com,8721480037,Password884!
Eumcut,Mirswz,eumcut884@testmail.com,6693999280,Password885!
Dzrhto,Gfktba,dzrhto885@testmail.com,9624115981,Password886!
Ohphju,Pytzld,ohphju886@example.com,8144724028,Password887!
Uwshud,Psgwlu,uwshud887@example.com,7064480863,Password888!
Gelyjv,Cekxrj,gelyjv888@example.com,7107042669,Password889!
Xnfejm,Bdvpmg,xnfejm889@testmail.com,6532425233,Password890!
Wzawjc,Kcrafv,wzawjc890@testmail.com,6537560564,Password891!
Bcxlyg,Hezhyt,bcxlyg891@testmail.com,7785456049,Password892!
Geqhdb,Tklemo,geqhdb892@mail.com,6426682857,Password893!
Okddgl,Rzvmio,okddgl893@mail.com,6780940787,Password894!
Pnwndb,Bcnaoa,pnwndb894@testmail.com,8822457885,Password895!
Lhcbud,Lpataq,lhcbud895@mail.com,6701688682,Password896!
Cwzdck,Uzpmwj,cwzdck896@example.com,8424548811,Password897!
Hpcweo,Lkpigb,hpcweo897@example.com,8268573435,Password898!
Tjqjef,Iyoqkw,tjqjef898@testmail.com,8616000977,Password899!
Righju,Ffywla,righju899@example.com,6786912138,Password900!
Vkmeyt,Avlyxi,vkmeyt900@testmail.com,8152408143,Password901!
Wpkwwt,Fdtiof,wpkwwt901@example.com,8433964649,Password902!
Aqnwtg,Rjipfc,aqnwtg902@mail.com,9872925664,Password903!
Lxahrl,Ezrhjx,lxahrl903@mail.com,7948524139,Password904!
Dcxaen,Eppsmb,dcxaen904@testmail.com,6462724469,Password905!
Werxoq,Ryujjv,werxoq905@mail.com,8441589552,Password906!
Diftok,Pcztyw,diftok906@example.com,7616794209,Password907!
Pxiiqr,Kwfexf,pxiiqr907@mail.com,6007886664,Password908!
Hnmhkb,Kfmkto,hnmhkb908@mail.com,7570634418,Password909!
Wwptwg,Arennz,wwptwg909@mail.com,6971177958,Password910!
Hjtbrh,Xpzorj,hjtbrh910@example.com,7551975581,Password911!
Ipukhk,Tumlsi,ipukhk911@testmail.com,8998844390,Password912!
Ssmnyo,Zluqkh,ssmnyo912@mail.com,9331165842,Password913!
Wiwbgl,Xiaolf,wiwbgl913@example.com,8405936534,Password914!
Jcciao,Pwquem,jcciao914@example.com,8683172244,Password915!
Npguwa,Dvxpsn,npguwa915@mail.com,8387811714,Password916!
Sllaoj,Esimkn,sllaoj916@example.com,9722972054,Password917!
Ljwtrj,Cbqpti,ljwtrj917@testmail.com,6527765428,Password918!
Qbemzj,Andvqk,qbemzj918@mail.com,6609878503,Password919!
Yztpyc,Ydwtbq,yztpyc919@mail.com,9582254712,Password920!
Wtdmzn,Mrmigo,wtdmzn920@example.com,9768052706,Password921!
Uacvra,Ebkpkz,uacvra921@example.com,7979948442,Password922!
Rtefgd,Zmaxbl,rtefgd922@example.com,7257822972,Password923!
Nyavct,Xbisgr,nyavct923@testmail.com,6329091295,Password924!
Jqwnwu,Zsndtl,jqwnwu924@example.com,7098124420,Password925!
Giyjat,Kzewew,giyjat925@mail.com,9944774464,Password926!
Gkqrzf,Tolwwz,gkqrzf926@example.com,7815364414,Password927!
Upsmzu,Jwkgrc,upsmzu927@example.com,6281024613,Password928!
Ysyzlx,Qohoyo,ysyzlx928@mail.com,6264568388,Password929!
Zhghaf,Sltmas,zhghaf929@example.com,7939483877,Password930!
Kvzjsv,Fnxgzt,kvzjsv930@testmail.com,9602437288,Password931!
Iefdlj,Kgyuhf,iefdlj931@mail.com,6097659408,Password932!
Upstmp,Gyitch,upstmp932@testmail.com,6148241495,Password933!
Fbzsoz,Ahwcpf,fbzsoz933@mail.com,9456840206,Password934!
Cnexep,Tfkpsx,cnexep934@example.com,9636965346,Password935!
Ifgkmq,Uqjaht,ifgkmq935@testmail.com,7563069777,Password936!
Mqhufg,Ljtiii,mqhufg936@testmail.com,9531131704,Password937!
Iegngm,Rbuiqs,iegngm937@testmail.com,8220125125,Password938!
Nfxgha,Tmddyt,nfxgha938@testmail.com,8507692381,Password939!
Hoqhqz,Twhlhw,hoqhqz939@example.com,7416974525,Password940!
Mfzftk,Nqzqda,mfzftk940@mail.com,7502849535,Password941!
Mvjbpk,Mtegsu,mvjbpk941@example.com,9286652396,Password942!
Ospfgh,Xdpkiq,ospfgh942@example.com,6446711535,Password943!
Zovqvj,Rijutm,zovqvj943@mail.com,6829929385,Password944!
Ucvsap,Dnaoel,ucvsap944@mail.com,9766075037,Password945!
Oefyho,Njdycr,oefyho945@mail.com,9449465908,Password946!
Jjbxus,Unaxzp,jjbxus946@testmail.com,9754333459,Password947!
Fzelmh,Hqjnvl,fzelmh947@example.com,7073685987,Password948!
Axzaeh,Swliew,axzaeh948@mail.com,8653785394,Password949!
Meuzst,Pfuczj,meuzst949@example.com,9191514638,Password950!
Knjoct,Gpwrtt,knjoct950@example.com,7146793052,Password951!
Oljauc,Alxgnz,oljauc951@testmail.com,6266107778,Password952!
Bhlnzq,Fcxgle,bhlnzq952@testmail.com,6061583807,Password953!
Jmddpg,Zvoclz,jmddpg953@example.com,9860867730,Password954!
Harceg,Rzyooa,harceg954@mail.com,9701492418,Password955!
Odzafg,Tohuuu,odzafg955@example.com,6590499505,Password956!
Zkbgvg,Lahzrr,zkbgvg956@example.com,7936548022,Password957!
Bkjrwu,Jztxbl,bkjrwu957@testmail.com,7562047106,Password958!
Mavojq,Bqdhmu,mavojq958@example.com,7079744596,Password959!
Zrsmli,Smlgse,zrsmli959@example.com,6689255193,Password960!
Wgjumk,Wxbkum,wgjumk960@testmail.com,8182032810,Password961!
Zrfjdb,Matrvy,zrfjdb961@testmail.com,9623799128,Password962!
Cledwt,Hxtowd,cledwt962@example.com,8493269924,Password963!
Gpbnnr,Kbgmcu,gpbnnr963@example.com,9233570139,Password964!
Iescbz,Axobkc,iescbz964@mail.com,9581739364,Password965!
Zqznbv,Pprusn,zqznbv965@example.com,9185988461,Password966!
Vatmtn,Nlwtcg,vatmtn966@mail.com,9601489029,Password967!
Erraix,Sgxlak,erraix967@testmail.com,8408535542,Password968!
Svgyjn,Pxfkya,svgyjn968@testmail.com,6707253940,Password969!
Ckygbo,Rwmyxc,ckygbo969@example.com,6764361224,Password970!
Vmijwu,Qzbsyl,vmijwu970@mail.com,6502304772,Password971!
Kbmjwq,Rutxkr,kbmjwq971@mail.com,9571997809,Password972!
Urtbzn,Pyuhgr,urtbzn972@testmail.com,8204599808,Password973!
Giohph,Klhaqc,giohph973@example.com,9951015066,Password974!
Hirbqu,Cmgcoy,hirbqu974@example.com,9381220582,Password975!
Jjbzbd,Wjydwy,jjbzbd975@example.com,6451918750,Password976!
Dxxtbw,Tkdqby,dxxtbw976@example.com,9996714912,Password977!
Pxflmr,Cqnjde,pxflmr977@testmail.com,9624907254,Password978!
Vkluok,Xvjffy,vkluok978@example.com,6903591045,Password979!
Hukooe,Ayqubu,hukooe979@example.com,9470050320,Password980!
Jfafyb,Ltscov,jfafyb980@testmail.com,9829573395,Password981!
Jccwaz,Drhqas,jccwaz981@example.com,9911192461,Password982!
Tqeumu,Qwyiyj,tqeumu982@mail.com,8597918795,Password983!
Fzthie,Otgxvt,fzthie983@example.com,8601984883,Password984!
Byzflt,Yaaycq,byzflt984@mail.com,8220157915,Password985!
Riqkai,Wsvhah,riqkai985@mail.com,7730813767,Password986!
Dfkkqn,Xlgueq,dfkkqn986@testmail.com,6739374962,Password987!
Uzzvbs,Nqucux,uzzvbs987@mail.com,8768286809,Password988!
Vgqkkd,Bynszr,vgqkkd988@testmail.com,6394920741,Password989!
Tenpcd,Xjmgad,tenpcd989@mail.com,7312020439,Password990!
Ubogtl,Tntkfl,ubogtl990@example.com,8677378374,Password991!
Ricvdh,Dpqdyj,ricvdh991@mail.com,8870418141,Password992!
Mnvlkt,Bqsrjw,mnvlkt992@example.com,9999430093,Password993!
Tjarpe,Qfuose,tjarpe993@example.com,9648350352,Password994!
Bmqaxz,Wnhtwg,bmqaxz994@example.com,6356020389,Password995!
Pyymvh,Auacko,pyymvh995@example.com,6987796870,Password996!
Jmdbxl,Fnjtmj,jmdbxl996@mail.com,9660599975,Password997!
Ufjxaj,Zgwmxr,ufjxaj997@mail.com,8989097390,Password998!
Rgbxar,Bbbkun,rgbxar998@testmail.com,9361231778,Password999!
Ysyjod,Fmqtnk,ysyjod999@testmail.com,9897318313,Password1000!
